[
  {
    "id": 0,
    "title": "After Thought",
    "artist": "Density & Time",
    "length": "2:47",
    "fileName": "After_Thought.mp3"
  },
  {
    "id": 1,
    "title": "Black Highway",
    "artist": "JR Tundra",
    "length": "2:04",
    "fileName": "Black_Highway.mp3"
  },
  {
    "id": 2,
    "title": "Free Dog",
    "artist": "Silent Partner",
    "length": "1:44",
    "fileName": "Free_Dog.mp3"
  },
  {
    "id": 3,
    "title": "Half Pipe",
    "artist": "Huma-Huma",
    "length": "2:14",
    "fileName": "Half_Pipe.mp3"
  },
  {
    "id": 4,
    "title": "It's All Happening",
    "artist": "Huma-Huma",
    "length": "2:04",
    "fileName": "It_s_All_Happening.mp3"
  },
  {
    "id": 5,
    "title": "Love On File",
    "artist": "Freedom Trail Studio",
    "length": "3:42",
    "fileName": "Love_On_File.mp3"
  },
  {
    "id": 6,
    "title": "Mob Battle",
    "artist": "Silent Partner",
    "length": "2:08",
    "fileName": "Mob_Battle.mp3"
  },
  {
    "id": 7,
    "title": "Stage Dive",
    "artist": "Silent Partner",
    "length": "2:07",
    "fileName": "Stage_Dive.mp3"
  },
  {
    "id": 8,
    "title": "Wicked Things",
    "artist": "Quincas Moreira",
    "length": "3:14",
    "fileName": "Wicked_Things.mp3"
  }
]
